-- phpMyAdmin SQL Dump
-- version 5.0.2
-- https://www.phpmyadmin.net/
--
-- Host: localhost
-- Waktu pembuatan: 11 Feb 2021 pada 14.32
-- Versi server: 10.4.14-MariaDB
-- Versi PHP: 7.4.10

SET SQL_MODE = "NO_AUTO_VALUE_ON_ZERO";
START TRANSACTION;
SET time_zone = "+00:00";


/*!40101 SET @OLD_CHARACTER_SET_CLIENT=@@CHARACTER_SET_CLIENT */;
/*!40101 SET @OLD_CHARACTER_SET_RESULTS=@@CHARACTER_SET_RESULTS */;
/*!40101 SET @OLD_COLLATION_CONNECTION=@@COLLATION_CONNECTION */;
/*!40101 SET NAMES utf8mb4 */;

--
-- Database: `epemilu`
--

-- --------------------------------------------------------

--
-- Struktur dari tabel `login_detail`
--

CREATE TABLE `login_detail` (
  `id_detail` int(11) NOT NULL,
  `id_user` int(11) NOT NULL,
  `tgl_login` datetime NOT NULL
) ENGINE=InnoDB DEFAULT CHARSET=latin1;

-- --------------------------------------------------------

--
-- Struktur dari tabel `tbl_admin`
--

CREATE TABLE `tbl_admin` (
  `id_admin` int(11) NOT NULL,
  `nama` varchar(50) NOT NULL,
  `pass` int(32) NOT NULL
) ENGINE=InnoDB DEFAULT CHARSET=latin1;

--
-- Dumping data untuk tabel `tbl_admin`
--

INSERT INTO `tbl_admin` (`id_admin`, `nama`, `pass`) VALUES
(1, 'Adian Ilham Ramadhan', 1),
(3, 'syachfitri', 1),
(5, 'panitia', 69);

-- --------------------------------------------------------

--
-- Struktur dari tabel `tbl_calon`
--

CREATE TABLE `tbl_calon` (
  `id_calon` int(11) NOT NULL,
  `no` int(10) NOT NULL,
  `nama` varchar(50) NOT NULL,
  `jurusan` varchar(255) NOT NULL,
  `prodi` varchar(100) NOT NULL,
  `harapan` varchar(100) NOT NULL,
  `foto` varchar(255) NOT NULL,
  `jumlah` int(11) NOT NULL
) ENGINE=InnoDB DEFAULT CHARSET=latin1;

--
-- Dumping data untuk tabel `tbl_calon`
--

INSERT INTO `tbl_calon` (`id_calon`, `no`, `nama`, `jurusan`, `prodi`, `harapan`, `foto`, `jumlah`) VALUES
(17, 1, 'DIMAS DHARMA SATYA MAULANA MAJID', 'TEKNIK MESIN', 'D-III TEKNIK MESIN', 'coba', '../img/calon/17.png', 1),
(21, 2, 'ITA HANDAYANI', 'TEKNIK KIMIA', 'D-IV TEKNOLOGI KIMIA INDUSTRI', 'assssss', '../img/calon/21.png', 0),
(22, 3, 'Jokowi - Maruf', 'TEKNIK KIMIA', 'D4 Pembangunan Tol', 'cc', '../img/calon/22.png', 0);

-- --------------------------------------------------------

--
-- Struktur dari tabel `tbl_harapan`
--

CREATE TABLE `tbl_harapan` (
  `id_harapan` int(11) NOT NULL,
  `id_user` int(11) NOT NULL,
  `id_calon` int(11) NOT NULL,
  `harapan` varchar(255) NOT NULL
) ENGINE=InnoDB DEFAULT CHARSET=latin1;

--
-- Dumping data untuk tabel `tbl_harapan`
--

INSERT INTO `tbl_harapan` (`id_harapan`, `id_user`, `id_calon`, `harapan`) VALUES
(1, 1, 17, 'coba'),
(2, 4, 17, 'dani mencoba pilih ini'),
(3, 1, 17, 'zzzzzz'),
(4, 4, 17, 'coba'),
(5, 4, 21, 'oke'),
(6, 3, 21, 'sadsa'),
(7, 1, 17, '');

-- --------------------------------------------------------

--
-- Struktur dari tabel `tbl_penampung`
--

CREATE TABLE `tbl_penampung` (
  `id_penampung` int(11) NOT NULL,
  `id_user` int(11) NOT NULL,
  `id_calon` int(10) NOT NULL,
  `nampung` int(11) NOT NULL
) ENGINE=InnoDB DEFAULT CHARSET=latin1;

--
-- Dumping data untuk tabel `tbl_penampung`
--

INSERT INTO `tbl_penampung` (`id_penampung`, `id_user`, `id_calon`, `nampung`) VALUES
(7, 1, 17, 1);

-- --------------------------------------------------------

--
-- Struktur dari tabel `tbl_tata`
--

CREATE TABLE `tbl_tata` (
  `id_tata` int(11) NOT NULL,
  `logo` varchar(255) NOT NULL,
  `warna` varchar(255) NOT NULL,
  `caption` varchar(255) NOT NULL
) ENGINE=InnoDB DEFAULT CHARSET=latin1;

-- --------------------------------------------------------

--
-- Struktur dari tabel `tbl_user`
--

CREATE TABLE `tbl_user` (
  `id_user` int(11) NOT NULL,
  `nama_lengkap` varchar(255) NOT NULL,
  `prodi` varchar(255) DEFAULT NULL,
  `angkatan` int(255) DEFAULT NULL,
  `pin` int(255) NOT NULL,
  `status` enum('sudah','belum') NOT NULL
) ENGINE=InnoDB DEFAULT CHARSET=latin1;

--
-- Dumping data untuk tabel `tbl_user`
--

INSERT INTO `tbl_user` (`id_user`, `nama_lengkap`, `prodi`, `angkatan`, `pin`, `status`) VALUES
(1, 'AHMAD UMAM NASRULLAH', 'D-III T. ELEKTRONIKA', 2019, 1931110045, 'sudah'),
(2, 'ALVIN DAMAYANTI', 'D-III T. ELEKTRONIKA', 2019, 1931110038, 'belum'),
(3, 'ALYSA SAUFIKA ANANDA', 'D-III T. ELEKTRONIKA', 2019, 1931110041, 'belum'),
(4, 'AZIZ PUTRA PRIMA', 'D-III T. ELEKTRONIKA', 2019, 1931110051, 'belum'),
(5, 'DEWI LATIFAH', 'D-III T. ELEKTRONIKA', 2019, 1931110033, 'belum'),
(6, 'DWI SETIA FARDHANA', 'D-III T. ELEKTRONIKA', 2019, 1931110044, 'belum'),
(7, 'EZRA MAHADIKA PUDHYISWOYO', 'D-III T. ELEKTRONIKA', 2019, 1931110047, 'belum'),
(8, 'FAIZZATUN NI`MAH', 'D-III T. ELEKTRONIKA', 2019, 1931110036, 'belum'),
(9, 'FLORI CIPTA DWI PUTRI PERTIWI', 'D-III T. ELEKTRONIKA', 2019, 1931110004, 'belum'),
(10, 'KHANSA SALSABILA', 'D-III T. ELEKTRONIKA', 2019, 1931110037, 'belum'),
(11, 'KHOIRUL IRAWAN', 'D-III T. ELEKTRONIKA', 2019, 1931110030, 'belum'),
(12, 'LUTVI VITRIASANTI', 'D-III T. ELEKTRONIKA', 2019, 1931110040, 'belum'),
(13, 'MAYA ISLAMIA WIJAYANTI', 'D-III T. ELEKTRONIKA', 2019, 1931110053, 'belum'),
(14, 'MOH. SOLEH', 'D-III T. ELEKTRONIKA', 2019, 1931110043, 'belum'),
(15, 'MUHAMMAD AZAM NASHIRUL ISLAM', 'D-III T. ELEKTRONIKA', 2019, 1931110034, 'belum'),
(16, 'MUHAMMAD DLIAUL HAQ', 'D-III T. ELEKTRONIKA', 2019, 1931110048, 'belum'),
(17, 'MUHAMMAD HANIF ALRASYID', 'D-III T. ELEKTRONIKA', 2019, 1931110031, 'belum'),
(18, 'MUHAMMAD RIZQI BAGUS HIDAYAT', 'D-III T. ELEKTRONIKA', 2019, 1931110029, 'belum'),
(19, 'MUHAMMAD YUNUS', 'D-III T. ELEKTRONIKA', 2019, 1931110001, 'belum'),
(20, 'NAILA RIZKI RAMADANI', 'D-III T. ELEKTRONIKA', 2019, 1931110027, 'belum'),
(21, 'RAISA NAJIB HABIBILAH', 'D-III T. ELEKTRONIKA', 2019, 1931110042, 'belum'),
(22, 'RAMADHANY SEKAR PURNAMA', 'D-III T. ELEKTRONIKA', 2019, 1931110035, 'belum'),
(23, 'RESVI AULIYAH CAHYANI', 'D-III T. ELEKTRONIKA', 2019, 1931110054, 'belum'),
(24, 'REY AGATHA WINDARINI', 'D-III T. ELEKTRONIKA', 2019, 1931110046, 'belum'),
(25, 'SAVIRA NUR LAILY', 'D-III T. ELEKTRONIKA', 2019, 1931110032, 'belum'),
(26, 'SETYA PROVITA AMALIA HARYAWATI', 'D-III T. ELEKTRONIKA', 2019, 1931110039, 'belum'),
(27, 'WIJI NINGSIH', 'D-III T. ELEKTRONIKA', 2019, 1931110002, 'belum'),
(28, 'ACHMAD SANUSI UMLI ASIN', 'D-IV T. ELEKTRONIKA', 2019, 1941170064, 'belum'),
(29, 'ADILLA FATNUN AZ-ZAHRO', 'D-IV T. ELEKTRONIKA', 2019, 1941170012, 'belum'),
(30, 'AGUSTINA DWI CAHYANI', 'D-IV T. ELEKTRONIKA', 2019, 1941170054, 'belum'),
(31, 'ALFIANDI AULIA RAHMADANI', 'D-IV T. ELEKTRONIKA', 2019, 1941170055, 'belum'),
(32, 'ALIF KOMARUDDIN', 'D-IV T. ELEKTRONIKA', 2019, 1941170008, 'belum'),
(33, 'ANGELIA CAHYANINGRUM', 'D-IV T. ELEKTRONIKA', 2019, 1941170006, 'belum'),
(34, 'ARNI PUTRIANA', 'D-IV T. ELEKTRONIKA', 2019, 1941170058, 'belum'),
(35, 'DAVID FYDO PUTRADI', 'D-IV T. ELEKTRONIKA', 2019, 1941170061, 'belum'),
(36, 'DIMAS KUKUH PRASETYO', 'D-IV T. ELEKTRONIKA', 2019, 1941170056, 'belum'),
(37, 'FATIMATUZ ZAHRO', 'D-IV T. ELEKTRONIKA', 2019, 1941170060, 'belum'),
(38, 'FEBBY AYU SALSABILLA', 'D-IV T. ELEKTRONIKA', 2019, 1941170002, 'belum'),
(39, 'IQBAL TAWAKAL', 'D-IV T. ELEKTRONIKA', 2019, 1941170011, 'belum'),
(40, 'LIF TYANGGORO', 'D-IV T. ELEKTRONIKA', 2019, 1941170007, 'belum'),
(41, 'MARTANTI AYU DEVI', 'D-IV T. ELEKTRONIKA', 2019, 1941170057, 'belum'),
(42, 'MOCH REVY ALFARIDZY', 'D-IV T. ELEKTRONIKA', 2019, 1941170065, 'belum'),
(43, 'MUHAMAD WAHYU MA\'RIFAD', 'D-IV T. ELEKTRONIKA', 2019, 1941170068, 'belum'),
(44, 'NOUVAL FAHMI SAKHBANA', 'D-IV T. ELEKTRONIKA', 2019, 1941170001, 'belum'),
(45, 'PATTRIA DWIN CAHYAWATI', 'D-IV T. ELEKTRONIKA', 2019, 1941170003, 'belum'),
(46, 'PRANDA PRASETYO', 'D-IV T. ELEKTRONIKA', 2019, 1941170010, 'belum'),
(47, 'RAGA KUTO TRISNAWAN', 'D-IV T. ELEKTRONIKA', 2019, 1941170005, 'belum'),
(48, 'RAKA DEVARA', 'D-IV T. ELEKTRONIKA', 2019, 1941170063, 'belum'),
(49, 'RIZKI AFRIZAL', 'D-IV T. ELEKTRONIKA', 2019, 1941170004, 'belum'),
(50, 'VANESSA RAMADITA ISHARI', 'D-IV T. ELEKTRONIKA', 2019, 1941170013, 'belum'),
(51, 'VIRGIE RAKHMA MAULANA', 'D-IV T. ELEKTRONIKA', 2019, 1941170041, 'belum'),
(52, 'WILADHI NUR PRATIKTO', 'D-IV T. ELEKTRONIKA', 2019, 1941170106, 'belum'),
(53, 'ADIMAS EKO RAHARJO', 'D-III T. LISTRIK', 2019, 1931120050, 'belum'),
(54, 'AJENG FRIGITA PURNAMA SARI', 'D-III T. LISTRIK', 2019, 1931120049, 'belum'),
(55, 'ALDY SETYAWAN HAREVA', 'D-III T. LISTRIK', 2019, 1931120046, 'belum'),
(56, 'ANA MARDIANA', 'D-III T. LISTRIK', 2019, 1931120039, 'belum'),
(57, 'ARVIND HILMI AL MAHDI', 'D-III T. LISTRIK', 2019, 1931120002, 'belum'),
(58, 'DEWI NIHAYATUS SAKHIYYAH', 'D-III T. LISTRIK', 2019, 1931120047, 'belum'),
(59, 'GALIH FAJAR PUTRA NUSANTARA', 'D-III T. LISTRIK', 2019, 1931120048, 'belum'),
(60, 'ISMAIL ARIF WIBISONO', 'D-III T. LISTRIK', 2019, 1931120045, 'belum'),
(61, 'MEGI DWI FAHMI PRAKOSO', 'D-III T. LISTRIK', 2019, 1931120038, 'belum'),
(62, 'MOCH TEGUH BIJAKSONO', 'D-III T. LISTRIK', 2019, 1931120042, 'belum'),
(63, 'MUHAMMAD NUR ROKIM', 'D-III T. LISTRIK', 2019, 1931120001, 'belum'),
(64, 'NURAICA MARTHA SEPTIAN WAHYUNI', 'D-III T. LISTRIK', 2019, 1931120005, 'belum'),
(65, 'RIRIN FARADILLA', 'D-III T. LISTRIK', 2019, 1931120034, 'belum'),
(66, 'SARI SUWIGNYO PUTRI', 'D-III T. LISTRIK', 2019, 1931120004, 'belum'),
(67, 'SYAIFUDDIN ABBAS', 'D-III T. LISTRIK', 2019, 1931120003, 'belum'),
(68, 'TRI FIRMAN', 'D-III T. LISTRIK', 2019, 1931120043, 'belum'),
(69, 'TRI WAHYU RAMADHANI', 'D-III T. LISTRIK', 2019, 1931120006, 'belum'),
(70, 'ULMA LISA NUR HASANA', 'D-III T. LISTRIK', 2019, 1931120041, 'belum'),
(71, 'WINDA HAMIDAH', 'D-III T. LISTRIK', 2019, 1931120044, 'belum'),
(72, 'WINDA RISQI NURAINI', 'D-III T. LISTRIK', 2019, 1931120037, 'belum'),
(73, 'ACHMAD KAHFI ARIYANTO', 'D-IV SISTEM KELISTRIKAN', 2019, 1941150060, 'belum'),
(74, 'ALFINA SALSABELLA RAMANDHANI', 'D-IV SISTEM KELISTRIKAN', 2019, 1941150058, 'belum'),
(75, 'ANDRIAN SEPTA FIRMANSYAH', 'D-IV SISTEM KELISTRIKAN', 2019, 1941150002, 'belum'),
(76, 'CHALVYN RAHMAT D', 'D-IV SISTEM KELISTRIKAN', 2019, 1941150075, 'belum'),
(77, 'CHAPA ALTARIK SURYA', 'D-IV SISTEM KELISTRIKAN', 2019, 1941150078, 'belum'),
(78, 'DWI WIRANTI', 'D-IV SISTEM KELISTRIKAN', 2019, 1941150062, 'belum'),
(79, 'GUSTI MUHAMMAD AGUNG PERMANA', 'D-IV SISTEM KELISTRIKAN', 2019, 1941150057, 'belum'),
(80, 'IMAM HAMDANI', 'D-IV SISTEM KELISTRIKAN', 2019, 1941150059, 'belum'),
(81, 'ISMAIL SU\'UDI', 'D-IV SISTEM KELISTRIKAN', 2019, 1941150010, 'belum'),
(82, 'IVAN YULISTIANTO', 'D-IV SISTEM KELISTRIKAN', 2019, 1941150011, 'belum'),
(83, 'KEVIN AIRMANDA FAZRI', 'D-IV SISTEM KELISTRIKAN', 2019, 1941150076, 'belum'),
(84, 'MEILISA MARIATUL QORI`AH', 'D-IV SISTEM KELISTRIKAN', 2019, 1941150072, 'belum'),
(85, 'MOCH. FAIZ BARNABASSANA', 'D-IV SISTEM KELISTRIKAN', 2019, 1941150001, 'belum'),
(86, 'MOHAMMAD SHOBIR FARID', 'D-IV SISTEM KELISTRIKAN', 2019, 1941150074, 'belum'),
(87, 'MOCH. NAFIS', 'D-IV SISTEM KELISTRIKAN', 2019, 1941150014, 'belum'),
(88, 'OSASALSA DILLAH ALFIANI', 'D-IV SISTEM KELISTRIKAN', 2019, 1941150071, 'belum'),
(89, 'PRATAMA BAGUS SAPUTRO', 'D-IV SISTEM KELISTRIKAN', 2019, 1941150068, 'belum'),
(90, 'RASYIDAN BRAMASTA NURKHASYI', 'D-IV SISTEM KELISTRIKAN', 2019, 1941150127, 'belum'),
(91, 'RISWANDA BAGUS IMAWAN', 'D-IV SISTEM KELISTRIKAN', 2019, 1941150073, 'belum'),
(92, 'RISWANDA YUANTAMA', 'D-IV SISTEM KELISTRIKAN', 2019, 1941150055, 'belum'),
(93, 'S. MUTHOHAROH', 'D-IV SISTEM KELISTRIKAN', 2019, 1941150004, 'belum'),
(94, 'VATMA KRISNA VALENTIN', 'D-IV SISTEM KELISTRIKAN', 2019, 1941150005, 'belum'),
(95, 'WENY AYU RAHMAWATI', 'D-IV SISTEM KELISTRIKAN', 2019, 1941150003, 'belum'),
(96, 'YUANITA PRICILIA', 'D-IV SISTEM KELISTRIKAN', 2019, 1941150049, 'belum'),
(97, 'ADI WIDAYU', 'D-III T. TELEKOMUNIKASI', 2019, 1931130059, 'belum'),
(98, 'AHMAD MUSYAROF KATIFUDIN', 'D-III T. TELEKOMUNIKASI', 2019, 1931130068, 'belum'),
(99, 'ANDI RIZAL NURRAHMAN', 'D-III T. TELEKOMUNIKASI', 2019, 1931130063, 'belum'),
(100, 'ANISA SANA SAFITRIA', 'D-III T. TELEKOMUNIKASI', 2019, 1931130060, 'belum'),
(101, 'FAHREZI FITRIA AGASI', 'D-III T. TELEKOMUNIKASI', 2019, 1931130053, 'belum'),
(102, 'FANI SHOFI AINUR RIZKI', 'D-III T. TELEKOMUNIKASI', 2019, 1931130052, 'belum'),
(103, 'FITRI NUR AFNI WULANSARI', 'D-III T. TELEKOMUNIKASI', 2019, 1931130006, 'belum'),
(104, 'LUTHFIAN AMINATU ROSYIDA', 'D-III T. TELEKOMUNIKASI', 2019, 1931130057, 'belum'),
(105, 'MA`ARIJUL FALAH', 'D-III T. TELEKOMUNIKASI', 2019, 1931130067, 'belum'),
(106, 'MELLIA S AFIFAH', 'D-III T. TELEKOMUNIKASI', 2019, 1931130004, 'belum'),
(107, 'PUTRI YUWANA SASMITA KERTASARI', 'D-III T. TELEKOMUNIKASI', 2019, 1931130055, 'belum'),
(108, 'QURROTUL AINI', 'D-III T. TELEKOMUNIKASI', 2019, 1931130066, 'belum'),
(109, 'RACHMAD FADILLAH MALIKI', 'D-III T. TELEKOMUNIKASI', 2019, 1931130007, 'belum'),
(110, 'RAYHAN RENDY TRILAKSONO', 'D-III T. TELEKOMUNIKASI', 2019, 1931130062, 'belum'),
(111, 'SHELLY ADIRISTY FEBY SUHARTO', 'D-III T. TELEKOMUNIKASI', 2019, 1931130056, 'belum'),
(112, 'SHINTA BAYU RAHMAWATI', 'D-III T. TELEKOMUNIKASI', 2019, 1931130005, 'belum'),
(113, 'SITI AISYAH NATASYA', 'D-III T. TELEKOMUNIKASI', 2019, 1931130058, 'belum'),
(114, 'SITI ROSYIDAH', 'D-III T. TELEKOMUNIKASI', 2019, 1931130008, 'belum'),
(115, 'WAKHIDATUL ALIMATUZ ZAHRO`', 'D-III T. TELEKOMUNIKASI', 2019, 1931130061, 'belum'),
(116, 'WIDYANI NURUL HIDAYANTI', 'D-III T. TELEKOMUNIKASI', 2019, 1931130064, 'belum'),
(117, 'ABDUL JALIL', 'D-IV JAR. TELEKOM. DIGITAL', 2019, 1941160003, 'belum'),
(118, 'AGIL EVAN', 'D-IV JAR. TELEKOM. DIGITAL', 2019, 1941160007, 'belum'),
(119, 'AGUSTINUS HANDOYO SIPAHUTAR', 'D-IV JAR. TELEKOM. DIGITAL', 2019, 1941160005, 'belum'),
(120, 'ARSELLIANA KHOIRUN NISA CAROLIN', 'D-IV JAR. TELEKOM. DIGITAL', 2019, 1941160051, 'belum'),
(121, 'DIMAS FAHRIZAL SULTHONI', 'D-IV JAR. TELEKOM. DIGITAL', 2019, 1941160053, 'belum'),
(122, 'DIMAS PUTRA PANGESTU', 'D-IV JAR. TELEKOM. DIGITAL', 2019, 1941160058, 'belum'),
(123, 'FARREL RIZKI FADILAH', 'D-IV JAR. TELEKOM. DIGITAL', 2019, 1941160055, 'belum'),
(124, 'GALUH INDAH AGUS PRATIWI', 'D-IV JAR. TELEKOM. DIGITAL', 2019, 1941160057, 'belum'),
(125, 'M. ALIF ALI AL-BARSYAH', 'D-IV JAR. TELEKOM. DIGITAL', 2019, 1941160004, 'belum'),
(126, 'MAGFHIRAH AULADINA RATULOLI', 'D-IV JAR. TELEKOM. DIGITAL', 2019, 1941160006, 'belum'),
(127, 'MOCHAMAD FARIZAL', 'D-IV JAR. TELEKOM. DIGITAL', 2019, 1941160054, 'belum'),
(128, 'NADIN ARIESTA AYUDYA FARDANI', 'D-IV JAR. TELEKOM. DIGITAL', 2019, 1941160009, 'belum'),
(129, 'NUR HANAFI', 'D-IV JAR. TELEKOM. DIGITAL', 2019, 1941160008, 'belum'),
(130, 'PRADIKA RUDY FIRMANSYAH', 'D-IV JAR. TELEKOM. DIGITAL', 2019, 1941160052, 'belum'),
(131, 'SALAMATUL HIFDIYAH', 'D-IV JAR. TELEKOM. DIGITAL', 2019, 1941160002, 'belum'),
(132, 'SYAIFUL RIJAL AZIZ', 'D-IV JAR. TELEKOM. DIGITAL', 2019, 1941160056, 'belum'),
(133, 'TONI FAISAL FALAH ARIFANTO', 'D-IV JAR. TELEKOM. DIGITAL', 2019, 1941160001, 'belum'),
(134, 'YUSRIZA EKA A\'SHAR', 'D-IV JAR. TELEKOM. DIGITAL', 2019, 1941160101, 'belum'),
(135, 'AGUSTIN DWI NUR HAMIDAH', 'D-III M. INFORMATIKA', 2019, 1931710076, 'belum'),
(136, 'AHMAD ARBA`UL MUBAROK', 'D-III M. INFORMATIKA', 2019, 1931710084, 'belum'),
(137, 'AJENG RIZKA SILVIA', 'D-III M. INFORMATIKA', 2019, 1931710073, 'belum'),
(138, 'ALI AR RIDLA', 'D-III M. INFORMATIKA', 2019, 1931710069, 'belum'),
(139, 'ANIES FIJRIYAH AGUSTINA', 'D-III M. INFORMATIKA', 2019, 1931710079, 'belum'),
(140, 'ANINDA TANTRI ANTI', 'D-III M. INFORMATIKA', 2019, 1931710099, 'belum'),
(141, 'BALQIS ATIQ ATALIA FILEMON', 'D-III M. INFORMATIKA', 2019, 1931710095, 'belum'),
(142, 'DETA FEBBY ARIESTA', 'D-III M. INFORMATIKA', 2019, 1931710082, 'belum'),
(143, 'DEWI OKTAVIA EFENDI', 'D-III M. INFORMATIKA', 2019, 1931710071, 'belum'),
(144, 'DIEMAS NUR HAFIZZUN', 'D-III M. INFORMATIKA', 2019, 1931710096, 'belum'),
(145, 'DINDA JINGGAN MAHARANI', 'D-III M. INFORMATIKA', 2019, 1931710077, 'belum'),
(146, 'DINDA RIZKI HIDAYAH', 'D-III M. INFORMATIKA', 2019, 1931710092, 'belum'),
(147, 'ERLITA DESY CAHYUNI', 'D-III M. INFORMATIKA', 2019, 1931710068, 'belum'),
(148, 'ERNI SRIHARTINI', 'D-III M. INFORMATIKA', 2019, 1931710003, 'belum'),
(149, 'EVINA DINDA SYAWALIA', 'D-III M. INFORMATIKA', 2019, 1931710072, 'belum'),
(150, 'FAIQ MAULANA', 'D-III M. INFORMATIKA', 2019, 1931710098, 'belum'),
(151, 'FAIZATUL MUKARROMAH', 'D-III M. INFORMATIKA', 2019, 1931710089, 'belum'),
(152, 'FALYA CHARISMATUL AYZA', 'D-III M. INFORMATIKA', 2019, 1931710006, 'belum'),
(153, 'FELA AYU LESTARI', 'D-III M. INFORMATIKA', 2019, 1931710007, 'belum'),
(154, 'FERIKA ASMARA PUTRA DIJANTO', 'D-III M. INFORMATIKA', 2019, 1931710080, 'belum'),
(155, 'LILIK NURWATI', 'D-III M. INFORMATIKA', 2019, 1931710097, 'belum'),
(156, 'M. ABDUSH SHIDQI M.', 'D-III M. INFORMATIKA', 2019, 1931710090, 'belum'),
(157, 'MUHAMMAD ANDRI SYARIFUDIN', 'D-III M. INFORMATIKA', 2019, 1931710074, 'belum'),
(158, 'MUHAMMAD DAFFA\' ATHALLAH RIFQI', 'D-III M. INFORMATIKA', 2019, 1931710093, 'belum'),
(159, 'MUHAMMAD ZULFI AKBAR', 'D-III M. INFORMATIKA', 2019, 1931710088, 'belum'),
(160, 'NADIA NUR ZULFA', 'D-III M. INFORMATIKA', 2019, 1931710002, 'belum'),
(161, 'NADILA EKA KUSUMAH WARDHANI', 'D-III M. INFORMATIKA', 2019, 1931710081, 'belum'),
(162, 'NELI ALVIONITA', 'D-III M. INFORMATIKA', 2019, 1931710087, 'belum'),
(163, 'OSY KRISDAYANTI', 'D-III M. INFORMATIKA', 2019, 1931710075, 'belum'),
(164, 'PUTRI DIAN ISTIANA', 'D-III M. INFORMATIKA', 2019, 1931710070, 'belum'),
(165, 'RIRIS SILVIA ZAHRI', 'D-III M. INFORMATIKA', 2019, 1931710085, 'belum'),
(166, 'SANTI NOVIANAH', 'D-III M. INFORMATIKA', 2019, 1931710078, 'belum'),
(167, 'SITI AMALIA FITRIANI', 'D-III M. INFORMATIKA', 2019, 1931710005, 'belum'),
(168, 'SOFIA APRILINA', 'D-III M. INFORMATIKA', 2019, 1931710008, 'belum'),
(169, 'USWATUN KHASANAH', 'D-III M. INFORMATIKA', 2019, 1931710009, 'belum'),
(170, 'VINKA AMALIA SAFITRI', 'D-III M. INFORMATIKA', 2019, 1931710004, 'belum'),
(171, 'WAHYU INDAH PUSPITASARI', 'D-III M. INFORMATIKA', 2019, 1931710067, 'belum'),
(172, 'YOGA MELENIAWAN PAMUNGKAS', 'D-III M. INFORMATIKA', 2019, 1931710083, 'belum'),
(173, 'YOLA AFIFAH SABRINA', 'D-III M. INFORMATIKA', 2019, 1931710094, 'belum'),
(174, 'ABDUL ROHMAN', 'D-IV T. INFORMATIKA', 2019, 1941720022, 'belum'),
(175, 'ABDUR ROZAK JUNAIDI', 'D-IV T. INFORMATIKA', 2019, 1941720094, 'belum'),
(176, 'ALI SAFIK', 'D-IV T. INFORMATIKA', 2019, 1941720066, 'belum'),
(177, 'ARIN KISTIA NUGRAENI', 'D-IV T. INFORMATIKA', 2019, 1941720006, 'belum'),
(178, 'ARIONO SEPTIAN JAYA', 'D-IV T. INFORMATIKA', 2019, 1941720092, 'belum'),
(179, 'AULA FARIDATUZ ZAHRO`', 'D-IV T. INFORMATIKA', 2019, 1941720014, 'belum'),
(180, 'CHIKA LABITA', 'D-IV T. INFORMATIKA', 2019, 1941720018, 'belum'),
(181, 'DANDI AGUNG SETIAWAN', 'D-IV T. INFORMATIKA', 2019, 1941720009, 'belum'),
(182, 'DITO CAHYA PRATAMA', 'D-IV T. INFORMATIKA', 2019, 1941720030, 'belum'),
(183, 'DWITYANTHERRYS BEKTI UTOMO', 'D-IV T. INFORMATIKA', 2019, 1941720033, 'belum'),
(184, 'ERIKA AMALIA', 'D-IV T. INFORMATIKA', 2019, 1941720015, 'belum'),
(185, 'FEBRIAN PRATAMA PUTRA', 'D-IV T. INFORMATIKA', 2019, 1941720095, 'belum'),
(186, 'FERDY FEBRIYANTO', 'D-IV T. INFORMATIKA', 2019, 1941720007, 'belum'),
(187, 'FITRI MUTIARA DEVI', 'D-IV T. INFORMATIKA', 2019, 1941720016, 'belum'),
(188, 'IKA FATHIAH', 'D-IV T. INFORMATIKA', 2019, 1941720002, 'belum'),
(189, 'M. FAJRIN', 'D-IV T. INFORMATIKA', 2019, 1941720010, 'belum'),
(190, 'M. SHIVA MATAHARI YUSDA', 'D-IV T. INFORMATIKA', 2019, 1941720005, 'belum'),
(191, 'MELISKA YAFFA IVANA', 'D-IV T. INFORMATIKA', 2019, 1941720020, 'belum'),
(192, 'MOCH. ABIZAR DAFFA WIJDAN', 'D-IV T. INFORMATIKA', 2019, 1941720075, 'belum'),
(193, 'MOCHAMAD FARID MAULANA', 'D-IV T. INFORMATIKA', 2019, 1941720012, 'belum'),
(194, 'MOCHAMMAD FAJAR DARUSSALAM', 'D-IV T. INFORMATIKA', 2019, 1941720004, 'belum'),
(195, 'MOCHAMMAD SYAIFUDDIN ZUHRI', 'D-IV T. INFORMATIKA', 2019, 1941720013, 'belum'),
(196, 'MUHAMMAD AUFUL KIROM', 'D-IV T. INFORMATIKA', 2019, 1941720031, 'belum'),
(197, 'NOVAN SANDI DWI IRAWAN', 'D-IV T. INFORMATIKA', 2019, 1941720076, 'belum'),
(198, 'NUR SUKMA PANDAWA', 'D-IV T. INFORMATIKA', 2019, 1941720032, 'belum'),
(199, 'RAZADE ZAYDA ZAMAN', 'D-IV T. INFORMATIKA', 2019, 1941720024, 'belum'),
(200, 'RISKA NUR SAFITRI', 'D-IV T. INFORMATIKA', 2019, 1941720073, 'belum'),
(201, 'RIZKINA HAYYUNI PUTRI', 'D-IV T. INFORMATIKA', 2019, 1941720008, 'belum'),
(202, 'SHELYCA SURRAYENSIH', 'D-IV T. INFORMATIKA', 2019, 1941720021, 'belum'),
(203, 'YOCKI FEBRIANTO', 'D-IV T. INFORMATIKA', 2019, 1941720003, 'belum'),
(204, 'ADITIYA FIRMANSYAH', 'D-III T. MESIN', 2019, 1931210005, 'belum'),
(205, 'AGUNG IMAM KASUMA', 'D-III T. MESIN', 2019, 1931210008, 'belum'),
(206, 'AGUNG NUGROHO', 'D-III T. MESIN', 2019, 1931210099, 'belum'),
(207, 'AHMAD AKBAR FITRIONO', 'D-III T. MESIN', 2019, 1931210098, 'belum'),
(208, 'ALIF DHURYYATA', 'D-III T. MESIN', 2019, 1931210103, 'belum'),
(209, 'ANDY FERLIAN', 'D-III T. MESIN', 2019, 1931210162, 'belum'),
(210, 'CENDANA PUTRI SISWOYO', 'D-III T. MESIN', 2019, 1931210090, 'belum'),
(211, 'DANI FIRMANSYAH', 'D-III T. MESIN', 2019, 1931210089, 'belum'),
(212, 'DIKY TRI AGUS SAPUTRA', 'D-III T. MESIN', 2019, 1931210105, 'belum'),
(213, 'DIMAS IBNU SAMMA', 'D-III T. MESIN', 2019, 1931210088, 'belum'),
(214, 'FAISAL RISKY AGUNG', 'D-III T. MESIN', 2019, 1931210086, 'belum'),
(215, 'FIKI EKHSAN PRABOWO', 'D-III T. MESIN', 2019, 1931210004, 'belum'),
(216, 'GILANG MANUNGGALING ASMORO', 'D-III T. MESIN', 2019, 1931210100, 'belum'),
(217, 'HENDRA FEBRIANSYAH', 'D-III T. MESIN', 2019, 1931210006, 'belum'),
(218, 'HESTI WAHYUNI', 'D-III T. MESIN', 2019, 1931210084, 'belum'),
(219, 'MIRZA ZUHRUF RAMADHAN', 'D-III T. MESIN', 2019, 1931210092, 'belum'),
(220, 'MISBAHUDDIN LUTFI', 'D-III T. MESIN', 2019, 1931210104, 'belum'),
(221, 'MOCHAMAD FAJAR TRISSONNA', 'D-III T. MESIN', 2019, 1931210085, 'belum'),
(222, 'MOH. AFIN ASHAD', 'D-III T. MESIN', 2019, 1931210102, 'belum'),
(223, 'MUHAMMAD ALBAB KHABIBILLAH', 'D-III T. MESIN', 2019, 1931210009, 'belum'),
(224, 'MUHAMMAD FATKHUR ROKHIM', 'D-III T. MESIN', 2019, 1931210096, 'belum'),
(225, 'MUHAMMAD SULTHON ROSYID HASYIM', 'D-III T. MESIN', 2019, 1931210093, 'belum'),
(226, 'QISMA ROSALINA WAHDA', 'D-III T. MESIN', 2019, 1931210003, 'belum'),
(227, 'THEO SAKTI YUDISTIRA', 'D-III T. MESIN', 2019, 1931210095, 'belum'),
(228, 'TONI SETIAWAN', 'D-III T. MESIN', 2019, 1931210091, 'belum'),
(229, 'TONY DWI KURNIAWAN', 'D-III T. MESIN', 2019, 1931210101, 'belum'),
(230, 'WAHYU AGUNG SETIAWAN', 'D-III T. MESIN', 2019, 1931210010, 'belum'),
(231, 'AFIF MAULANA', 'D-IV T. OTO. ELEKTRONIK', 2019, 1941220040, 'belum'),
(232, 'AHMAD FAISAL DWI ROHMAWAN', 'D-IV T. OTO. ELEKTRONIK', 2019, 1941220039, 'belum'),
(233, 'ALNANDA YUHANANDRI', 'D-IV T. OTO. ELEKTRONIK', 2019, 1941220002, 'belum'),
(234, 'ALVATONI ACHMAD YUSUF', 'D-IV T. OTO. ELEKTRONIK', 2019, 1941220037, 'belum'),
(235, 'ARINDRIAN KURNIA RAHARJO', 'D-IV T. OTO. ELEKTRONIK', 2019, 1941220005, 'belum'),
(236, 'DIAN ANDRIANTO', 'D-IV T. OTO. ELEKTRONIK', 2019, 1941220036, 'belum'),
(237, 'FIAN ARIF YULIANTO', 'D-IV T. OTO. ELEKTRONIK', 2019, 1941220001, 'belum'),
(238, 'FIRMAN ROHMANDHANI', 'D-IV T. OTO. ELEKTRONIK', 2019, 1941220035, 'belum'),
(239, 'FRANDIS ARVICKY FAREL', 'D-IV T. OTO. ELEKTRONIK', 2019, 1941220026, 'belum'),
(240, 'KHOIRUL KHOTIM', 'D-IV T. OTO. ELEKTRONIK', 2019, 1941220038, 'belum'),
(241, 'MUCHAMMAD YUSUF', 'D-IV T. OTO. ELEKTRONIK', 2019, 1941220004, 'belum'),
(242, 'SINGGIH ADIMASTA', 'D-IV T. OTO. ELEKTRONIK', 2019, 1941220006, 'belum'),
(243, 'TITHO BAFRENDY WIBOWO', 'D-IV T. OTO. ELEKTRONIK', 2019, 1941220003, 'belum'),
(244, 'ALIF RIDLHO BUDI CAHYONO', 'D-IV T. MESIN PROPER', 2019, 1941230062, 'belum'),
(245, 'ANDRIAN PUTRA LAKSANA', 'D-IV T. MESIN PROPER', 2019, 1941230052, 'belum'),
(246, 'DIMAS SULTANNU IKHSAN AULIA BIN CARMAN', 'D-IV T. MESIN PROPER', 2019, 1941230006, 'belum'),
(247, 'DIMAS ZIDAN MAULANA', 'D-IV T. MESIN PROPER', 2019, 1941230007, 'belum'),
(248, 'DWIATMIKA WIDYATAMA KUMARA', 'D-IV T. MESIN PROPER', 2019, 1941230050, 'belum'),
(249, 'EKA RIZKY ARDIANSYAH', 'D-IV T. MESIN PROPER', 2019, 1941230063, 'belum'),
(250, 'FIRMAN DWIYANTO', 'D-IV T. MESIN PROPER', 2019, 1941230002, 'belum'),
(251, 'FRANCIS ABEL PAMBUDI', 'D-IV T. MESIN PROPER', 2019, 1941230004, 'belum'),
(252, 'HARTIK AYU NINGSIH', 'D-IV T. MESIN PROPER', 2019, 1941230005, 'belum'),
(253, 'ISMI FARADILLA', 'D-IV T. MESIN PROPER', 2019, 1941230055, 'belum'),
(254, 'JUMANTARA KURNIANTO', 'D-IV T. MESIN PROPER', 2019, 1941230057, 'belum'),
(255, 'LINGGAR TEGAR FIRLANDA', 'D-IV T. MESIN PROPER', 2019, 1941230003, 'belum'),
(256, 'M. FAJAR LAZUARDY', 'D-IV T. MESIN PROPER', 2019, 1941230090, 'belum'),
(257, 'MAKHMUDUL FIKRI', 'D-IV T. MESIN PROPER', 2019, 1941230009, 'belum'),
(258, 'MA\'RIFATUL SOLIHAH', 'D-IV T. MESIN PROPER', 2019, 1941230056, 'belum'),
(259, 'MASRUR MAULANA AHMAD', 'D-IV T. MESIN PROPER', 2019, 1941230012, 'belum'),
(260, 'MOCHAMAD DARUL SALAM', 'D-IV T. MESIN PROPER', 2019, 1941230058, 'belum'),
(261, 'MUHAMMAD DHAIFULLAH FIRDAUS', 'D-IV T. MESIN PROPER', 2019, 1941230008, 'belum'),
(262, 'MUHAMMAD RIDHOI ROBBY ALFATH', 'D-IV T. MESIN PROPER', 2019, 1941230053, 'belum'),
(263, 'MUHAMMAD RIZQI ADISETIAWAN', 'D-IV T. MESIN PROPER', 2019, 1941230061, 'belum'),
(264, 'MUHAMMAD SAMBODO ARIBOWO', 'D-IV T. MESIN PROPER', 2019, 1941230059, 'belum'),
(265, 'NIKMATUL KHASANAH', 'D-IV T. MESIN PROPER', 2019, 1941230069, 'belum'),
(266, 'RISCHKA MOUDY PUSPITASARI', 'D-IV T. MESIN PROPER', 2019, 1941230060, 'belum'),
(267, 'STEVEN MARTIN SANTOSO', 'D-IV T. MESIN PROPER', 2019, 1941230054, 'belum'),
(268, 'YUDA JUNAEDI KURNIAWAN', 'D-IV T. MESIN PROPER', 2019, 1941230001, 'belum'),
(269, 'YUFANDA PURNAMA PUTRA', 'D-IV T. MESIN PROPER', 2019, 1941230010, 'belum'),
(270, 'BIMA AJI SAPUTRA', 'D-IV T. MESIN PROPER', 2019, 1941230091, 'belum'),
(271, 'ADRIAN WAHYU PURNOMO', 'D-III T. SIPIL', 2019, 1931310045, 'belum'),
(272, 'AGUNG RIZKHI ZAIFUDHIN', 'D-III T. SIPIL', 2019, 1931310015, 'belum'),
(273, 'AHMAD HABIB ALHUDA', 'D-III T. SIPIL', 2019, 1931310007, 'belum'),
(274, 'AINUN SAFITRI MUFIDA', 'D-III T. SIPIL', 2019, 1931310005, 'belum'),
(275, 'ALFITRI RIKA PERMATASARI', 'D-III T. SIPIL', 2019, 1931310056, 'belum'),
(276, 'ALIF RIZKYAN AKRAMIN', 'D-III T. SIPIL', 2019, 1931310016, 'belum'),
(277, 'ARTESTA WIRAWAN', 'D-III T. SIPIL', 2019, 1931310004, 'belum'),
(278, 'DESMA SAMOSIR', 'D-III T. SIPIL', 2019, 1931310010, 'belum'),
(279, 'EKA SRI WULANDARI', 'D-III T. SIPIL', 2019, 1931310008, 'belum'),
(280, 'FRENGKI', 'D-III T. SIPIL', 2019, 1931310017, 'belum'),
(281, 'HAPPY MARETA', 'D-III T. SIPIL', 2019, 1931310051, 'belum'),
(282, 'ILMA MAULANA FATHURROZI', 'D-III T. SIPIL', 2019, 1931310050, 'belum'),
(283, 'IPUNG WISNU TRIONO', 'D-III T. SIPIL', 2019, 1931310009, 'belum'),
(284, 'KORIK NADIRO SAFITRI', 'D-III T. SIPIL', 2019, 1931310013, 'belum'),
(285, 'LUTHFIYANA SETIA RAHMAN', 'D-III T. SIPIL', 2019, 1931310014, 'belum'),
(286, 'MAULIDATUL BADRIAH', 'D-III T. SIPIL', 2019, 1931310012, 'belum'),
(287, 'MIFTAKHUL JANNAH', 'D-III T. SIPIL', 2019, 1931310047, 'belum'),
(288, 'M ALFIN KHOMAINI', 'D-III T. SIPIL', 2019, 1931310037, 'belum'),
(289, 'MOCH.AKBAR IKHWANUL HARIS', 'D-III T. SIPIL', 2019, 1931310049, 'belum'),
(290, 'MOH. AINUL YAQIN', 'D-III T. SIPIL', 2019, 1931310053, 'belum'),
(291, 'NABILA SHAFA AMEERA', 'D-III T. SIPIL', 2019, 1931310003, 'belum'),
(292, 'NUR  ADILAH LUTHFIYAH', 'D-III T. SIPIL', 2019, 1931310055, 'belum'),
(293, 'NURUL FITRIYAH', 'D-III T. SIPIL', 2019, 1931310011, 'belum'),
(294, 'RA`IDAH AMATULLAH NAZIHAH', 'D-III T. SIPIL', 2019, 1931310048, 'belum'),
(295, 'RISQI AJENG SUKMANA', 'D-III T. SIPIL', 2019, 1931310006, 'belum'),
(296, 'SALMAN AL FARISI', 'D-III T. SIPIL', 2019, 1931310002, 'belum'),
(297, 'STYFANI YUDIANTO PUTRI', 'D-III T. SIPIL', 2019, 1931310046, 'belum'),
(298, 'AHMAD FADLI', 'D-III TKJJBA', 2019, 1931330003, 'belum'),
(299, 'ALESSANDRO MAULANA PUTRA YUDHA', 'D-III TKJJBA', 2019, 1931330029, 'belum'),
(300, 'DEO KOLIKIYA FEBRIARI', 'D-III TKJJBA', 2019, 1931330023, 'belum'),
(301, 'DITTHA METTA PUTRI RAMADANI', 'D-III TKJJBA', 2019, 1931330001, 'belum'),
(302, 'ERLANDO HARIS AKBAR', 'D-III TKJJBA', 2019, 1931330028, 'belum'),
(303, 'MAF\'ULA SALSABILA RAMADHAN', 'D-III TKJJBA', 2019, 1931330002, 'belum'),
(304, 'MUHAMMAD AL-AMIN', 'D-III TKJJBA', 2019, 1931330025, 'belum'),
(305, 'NUR AINI ZAHRO', 'D-III TKJJBA', 2019, 1931330024, 'belum'),
(306, 'SELLY HERAWATI', 'D-III TKJJBA', 2019, 1931330027, 'belum'),
(307, 'SHERLY ADEFRID FEBY SUHARTO', 'D-III TKJJBA', 2019, 1931330022, 'belum'),
(308, 'TRI UTAMI', 'D-III TKJJBA', 2019, 1931330030, 'belum'),
(309, 'ZAIMATUL UMMAH', 'D-III TKJJBA', 2019, 1931330031, 'belum'),
(310, 'ALYA FARIIDAH', 'D-III T. PERTAMBANGAN', 2019, 1931340004, 'belum'),
(311, 'AULIA WAHYU FITRIANNUR', 'D-III T. PERTAMBANGAN', 2019, 1931340001, 'belum'),
(312, 'MUHAMMAD ANUGRAH SIDIK PURNOMO', 'D-III T. PERTAMBANGAN', 2019, 1931340017, 'belum'),
(313, 'RYAN DWI PRASONGKO', 'D-III T. PERTAMBANGAN', 2019, 1931340003, 'belum'),
(314, 'ALDIANI OLIFIA DEWAYANTI', 'D-IV MAN. REK. KONSTRUKSI', 2019, 1941320077, 'belum'),
(315, 'ALEKSI RACHMAD TRI BAGUS PUTRA', 'D-IV MAN. REK. KONSTRUKSI', 2019, 1941320092, 'belum'),
(316, 'ALFI ROHMAH', 'D-IV MAN. REK. KONSTRUKSI', 2019, 1941320074, 'belum'),
(317, 'ALI RIZKY RAMADHAN SIREGAR', 'D-IV MAN. REK. KONSTRUKSI', 2019, 1941320020, 'belum'),
(318, 'ANGGI DEAN RAHMAWATI', 'D-IV MAN. REK. KONSTRUKSI', 2019, 1941320089, 'belum'),
(319, 'ANGGI DESTIA FAHRURROZI', 'D-IV MAN. REK. KONSTRUKSI', 2019, 1941320005, 'belum'),
(320, 'ARIS WAHYU DARMAWAN', 'D-IV MAN. REK. KONSTRUKSI', 2019, 1941320078, 'belum'),
(321, 'CHANDRA MUKTI PRATAMA', 'D-IV MAN. REK. KONSTRUKSI', 2019, 1941320006, 'belum'),
(322, 'DJADHUG MUSI\' ARASTY', 'D-IV MAN. REK. KONSTRUKSI', 2019, 1941320001, 'belum'),
(323, 'FADILA NUR ROHMAH', 'D-IV MAN. REK. KONSTRUKSI', 2019, 1941320071, 'belum'),
(324, 'IKA WAHYU ALFI SYAHRI', 'D-IV MAN. REK. KONSTRUKSI', 2019, 1941320094, 'belum'),
(325, 'JUNIETA AYU WINNANDA', 'D-IV MAN. REK. KONSTRUKSI', 2019, 1941320002, 'belum'),
(326, 'MOHAMMAD FAHMI ABDILLAH', 'D-IV MAN. REK. KONSTRUKSI', 2019, 1941320087, 'belum'),
(327, 'MUHAMMAD DWI CAHYONO', 'D-IV MAN. REK. KONSTRUKSI', 2019, 1941320023, 'belum'),
(328, 'NIKITA ANGELIA FINIT', 'D-IV MAN. REK. KONSTRUKSI', 2019, 1941320003, 'belum'),
(329, 'NI\'MATUL FITRI AMALIA', 'D-IV MAN. REK. KONSTRUKSI', 2019, 1941320015, 'belum'),
(330, 'NOVIYA SAFARAH', 'D-IV MAN. REK. KONSTRUKSI', 2019, 1941320075, 'belum'),
(331, 'RATNA NOVIANTY', 'D-IV MAN. REK. KONSTRUKSI', 2019, 1941320008, 'belum'),
(332, 'RB. MOH MUSLIM FIRDAUS', 'D-IV MAN. REK. KONSTRUKSI', 2019, 1941320007, 'belum'),
(333, 'RISKA DWI SILFIANI', 'D-IV MAN. REK. KONSTRUKSI', 2019, 1941320018, 'belum'),
(334, 'SHINTA NURIYAH', 'D-IV MAN. REK. KONSTRUKSI', 2019, 1941320081, 'belum'),
(335, 'SINDI MEI RAHAYU', 'D-IV MAN. REK. KONSTRUKSI', 2019, 1941320004, 'belum'),
(336, 'SUDARSINI', 'D-IV MAN. REK. KONSTRUKSI', 2019, 1941320021, 'belum'),
(337, 'VANIA GHASANIA NUR SABRINA', 'D-IV MAN. REK. KONSTRUKSI', 2019, 1941320073, 'belum'),
(338, 'YUDA NUREKSA', 'D-IV MAN. REK. KONSTRUKSI', 2019, 1941320012, 'belum'),
(339, 'ACNESTEZYA DUWI WULANDARI', 'D-III T. KIMIA', 2019, 1931410019, 'belum'),
(340, 'AFRITA AUDINA', 'D-III T. KIMIA', 2019, 1931410068, 'belum'),
(341, 'AHMAD ZAKY ALDILLAH', 'D-III T. KIMIA', 2019, 1931410134, 'belum'),
(342, 'AIDHA INES SANTIKA', 'D-III T. KIMIA', 2019, 1931410062, 'belum'),
(343, 'ANILA WIRANTIKA', 'D-III T. KIMIA', 2019, 1931410023, 'belum'),
(344, 'AUDIKA PUTRI', 'D-III T. KIMIA', 2019, 1931410069, 'belum'),
(345, 'AWWALUN NUR ANFIA', 'D-III T. KIMIA', 2019, 1931410012, 'belum'),
(346, 'BRIZZA AYU MONICA NURAINI', 'D-III T. KIMIA', 2019, 1931410147, 'belum'),
(347, 'CANTIKA DWI PRATIWI', 'D-III T. KIMIA', 2019, 1931410004, 'belum'),
(348, 'DANA TAHTIAR HASTIAFIN RIZALDI', 'D-III T. KIMIA', 2019, 1931410077, 'belum'),
(349, 'DIYAH AYU PERMATASARI', 'D-III T. KIMIA', 2019, 1931410001, 'belum'),
(350, 'ESTITIKA FIDYA PRANATA', 'D-III T. KIMIA', 2019, 1931410061, 'belum'),
(351, 'FEBRI DWI LESTARI', 'D-III T. KIMIA', 2019, 1931410063, 'belum'),
(352, 'FIFI FAUZIYYA', 'D-III T. KIMIA', 2019, 1931410060, 'belum'),
(353, 'IRVAN JAKA AJI SAPUTRA', 'D-III T. KIMIA', 2019, 1931410017, 'belum'),
(354, 'LAELA WAHYU AFIFAH', 'D-III T. KIMIA', 2019, 1931410009, 'belum'),
(355, 'LAILATUL RESTUNING PUTRI ISTIQOMAH', 'D-III T. KIMIA', 2019, 1931410007, 'belum'),
(356, 'LAILI NURIL FADILAH', 'D-III T. KIMIA', 2019, 1931410005, 'belum'),
(357, 'LUKMAN ALI MUHYIDDIN', 'D-III T. KIMIA', 2019, 1931410066, 'belum'),
(358, 'NADYA DWITA ALADAWIA', 'D-III T. KIMIA', 2019, 1931410059, 'belum'),
(359, 'NAURA ERSALINA', 'D-III T. KIMIA', 2019, 1931410074, 'belum'),
(360, 'NIMAS QUSNUL KHOTIMAH', 'D-III T. KIMIA', 2019, 1931410008, 'belum'),
(361, 'NITA USWATUN CHASANAH FAUZIAH', 'D-III T. KIMIA', 2019, 1931410065, 'belum'),
(362, 'PRAYOGA VICKY GUSNIAWAN', 'D-III T. KIMIA', 2019, 1931410076, 'belum'),
(363, 'PUTRA MUARA SIREGAR', 'D-III T. KIMIA', 2019, 1931410011, 'belum'),
(364, 'RENITA DWI APRIANTI', 'D-III T. KIMIA', 2019, 1931410002, 'belum'),
(365, 'RINA', 'D-III T. KIMIA', 2019, 1931410006, 'belum'),
(366, 'RIZKI BAGUS MAULANA', 'D-III T. KIMIA', 2019, 1931410075, 'belum'),
(367, 'RIZKI KURNIA JULIANSYAH', 'D-III T. KIMIA', 2019, 1931410010, 'belum'),
(368, 'ROBY EDO PRAYOGA', 'D-III T. KIMIA', 2019, 1931410071, 'belum'),
(369, 'ROSA MULYA SARI', 'D-III T. KIMIA', 2019, 1931410022, 'belum'),
(370, 'RUQAYAH IRA YULINA', 'D-III T. KIMIA', 2019, 1931410016, 'belum'),
(371, 'SHAFA SALSABIL PUTRI FEBRIANTI', 'D-III T. KIMIA', 2019, 1931410058, 'belum'),
(372, 'ULFAH MA\'SYUQAH WIQOYAH', 'D-III T. KIMIA', 2019, 1931410014, 'belum'),
(373, 'VIRLIN NI`MATUL UMAT', 'D-III T. KIMIA', 2019, 1931410013, 'belum'),
(374, 'ZOGA ARBI ANGGARA', 'D-III T. KIMIA', 2019, 1931410020, 'belum'),
(375, 'ADHA FIRLANA', 'D-IV TEK. KIMIA INDUSTRI', 2019, 1941420045, 'belum'),
(376, 'ALDYN FIRSTIANO AFNAN', 'D-IV TEK. KIMIA INDUSTRI', 2019, 1941420013, 'belum'),
(377, 'AMILATUN NUR ROKHIMAH', 'D-IV TEK. KIMIA INDUSTRI', 2019, 1941420006, 'belum'),
(378, 'ANANG ARIANTO', 'D-IV TEK. KIMIA INDUSTRI', 2019, 1941420003, 'belum'),
(379, 'ANISA RAHMA DEWI', 'D-IV TEK. KIMIA INDUSTRI', 2019, 1941420041, 'belum'),
(380, 'ATHIKA AYU KAUTSAR ILAFI', 'D-IV TEK. KIMIA INDUSTRI', 2019, 1941420004, 'belum'),
(381, 'CITRA DEVIA MAULIDIAN', 'D-IV TEK. KIMIA INDUSTRI', 2019, 1941420047, 'belum'),
(382, 'DIANA PUTRI FEBRIYANI FAJRI', 'D-IV TEK. KIMIA INDUSTRI', 2019, 1941420048, 'belum'),
(383, 'FARIDA KUSUMA WARDANI', 'D-IV TEK. KIMIA INDUSTRI', 2019, 1941420014, 'belum'),
(384, 'IMROATUL AFIFAH', 'D-IV TEK. KIMIA INDUSTRI', 2019, 1941420005, 'belum'),
(385, 'LORENZ OCTAVIA SIMAMORA', 'D-IV TEK. KIMIA INDUSTRI', 2019, 1941420012, 'belum'),
(386, 'MEYLINDA MIFTAHUL AMIM', 'D-IV TEK. KIMIA INDUSTRI', 2019, 1941420024, 'belum'),
(387, 'MIFTAHUL KARIMAH', 'D-IV TEK. KIMIA INDUSTRI', 2019, 1941420039, 'belum'),
(388, 'MOCHAMAD REZA ZULFANI', 'D-IV TEK. KIMIA INDUSTRI', 2019, 1941420040, 'belum'),
(389, 'MOH. AINUR  ROFIQ', 'D-IV TEK. KIMIA INDUSTRI', 2019, 1941420009, 'belum'),
(390, 'MUHAMMAD NUR ABROR FALAH', 'D-IV TEK. KIMIA INDUSTRI', 2019, 1941420043, 'belum'),
(391, 'NISA ARTIANA', 'D-IV TEK. KIMIA INDUSTRI', 2019, 1941420002, 'belum'),
(392, 'POPPY PUSPA MAYA', 'D-IV TEK. KIMIA INDUSTRI', 2019, 1941420010, 'belum'),
(393, 'PUTERI SEVIRA SARI', 'D-IV TEK. KIMIA INDUSTRI', 2019, 1941420046, 'belum'),
(394, 'REFRINA CHARISSADI FIRDAUS', 'D-IV TEK. KIMIA INDUSTRI', 2019, 1941420049, 'belum'),
(395, 'RODHIYAH', 'D-IV TEK. KIMIA INDUSTRI', 2019, 1941420011, 'belum'),
(396, 'SRI WAHYUNI', 'D-IV TEK. KIMIA INDUSTRI', 2019, 1941420015, 'belum'),
(397, 'YAYUK DEVIYANTI', 'D-IV TEK. KIMIA INDUSTRI', 2019, 1941420035, 'belum'),
(398, 'YOLANDA MARDIANA HAPSARI', 'D-IV TEK. KIMIA INDUSTRI', 2019, 1941420044, 'belum'),
(399, 'ADEDEA OKTAVIA AYUNINGRUM', 'D-III AKUNTANSI', 2019, 1932510002, 'belum'),
(400, 'ADINDA MAULIDA', 'D-III AKUNTANSI', 2019, 1932510077, 'belum'),
(401, 'AHMAD FAJAR HABIBY', 'D-III AKUNTANSI', 2019, 1932510097, 'belum'),
(402, 'AININ NIKMATUR ROHMAH', 'D-III AKUNTANSI', 2019, 1932510018, 'belum'),
(403, 'ALVINA AGATHA ALEXANDRA', 'D-III AKUNTANSI', 2019, 1932510001, 'belum'),
(404, 'ANEKE VIVIANATUS', 'D-III AKUNTANSI', 2019, 1932510075, 'belum'),
(405, 'ANNISA INSYIRA', 'D-III AKUNTANSI', 2019, 1932510083, 'belum'),
(406, 'AQILA FADIA', 'D-III AKUNTANSI', 2019, 1932510087, 'belum'),
(407, 'DANISH NURUL FADILAH', 'D-III AKUNTANSI', 2019, 1932510013, 'belum'),
(408, 'DIANA NUR AZIZAH', 'D-III AKUNTANSI', 2019, 1932510004, 'belum'),
(409, 'DWI PUTRI KARTIKASARI', 'D-III AKUNTANSI', 2019, 1932510017, 'belum'),
(410, 'ELIZABETH PUTRI RIADI', 'D-III AKUNTANSI', 2019, 1932510005, 'belum'),
(411, 'EVITA ROSALINDA', 'D-III AKUNTANSI', 2019, 1932510011, 'belum'),
(412, 'FAJRIYA HOSNOL KHOTIMA', 'D-III AKUNTANSI', 2019, 1932510012, 'belum'),
(413, 'FANI FIRNANDA', 'D-III AKUNTANSI', 2019, 1932510070, 'belum'),
(414, 'FARHAN AFFANDI', 'D-III AKUNTANSI', 2019, 1932510081, 'belum'),
(415, 'FERI NOVIANA', 'D-III AKUNTANSI', 2019, 1932510072, 'belum'),
(416, 'GALUH RAHMAWATI', 'D-III AKUNTANSI', 2019, 1932510006, 'belum'),
(417, 'HANANDA BRILYAN KRISTANTO', 'D-III AKUNTANSI', 2019, 1932510099, 'belum'),
(418, 'IRAWATI SAKDIYAH', 'D-III AKUNTANSI', 2019, 1932510009, 'belum'),
(419, 'LAILA NUR SAFITRI', 'D-III AKUNTANSI', 2019, 1932510098, 'belum'),
(420, 'LYDIA SAPUTRI', 'D-III AKUNTANSI', 2019, 1932510008, 'belum'),
(421, 'MAYRIZKA KARNILA AYU', 'D-III AKUNTANSI', 2019, 1932510015, 'belum'),
(422, 'MENIK WIDA NADIVA', 'D-III AKUNTANSI', 2019, 1932510082, 'belum'),
(423, 'MIFTAKHUL JANNAH', 'D-III AKUNTANSI', 2019, 1932510154, 'belum'),
(424, 'MILATUL FARIKHA', 'D-III AKUNTANSI', 2019, 1932510102, 'belum'),
(425, 'MITA SEPTIANA ALDI JAYANTI', 'D-III AKUNTANSI', 2019, 1932510010, 'belum'),
(426, 'MOCH. CHARIRUDIN', 'D-III AKUNTANSI', 2019, 1932510020, 'belum'),
(427, 'MUHAMMAD BAHRUDIN', 'D-III AKUNTANSI', 2019, 1932510080, 'belum'),
(428, 'MUHAMMAD DON YUSUF BILLIANTO', 'D-III AKUNTANSI', 2019, 1932510096, 'belum'),
(429, 'MUTIARA SINTA RAHMA', 'D-III AKUNTANSI', 2019, 1932510094, 'belum'),
(430, 'NADIVA DWI ANGGRAINI', 'D-III AKUNTANSI', 2019, 1932510071, 'belum'),
(431, 'NAZIATUL IZZA UMAMI', 'D-III AKUNTANSI', 2019, 1932510091, 'belum'),
(432, 'NETI HIKMATUL FADHILAH', 'D-III AKUNTANSI', 2019, 1932510088, 'belum'),
(433, 'NURUL ARIFINA', 'D-III AKUNTANSI', 2019, 1932510003, 'belum'),
(434, 'ROFI\'ATUL ADENIA', 'D-III AKUNTANSI', 2019, 1932510069, 'belum'),
(435, 'SANTI ALIEVIA RAMADHANI', 'D-III AKUNTANSI', 2019, 1932510078, 'belum'),
(436, 'SILVI WULANDARI', 'D-III AKUNTANSI', 2019, 1932510093, 'belum'),
(437, 'SITI ROMLAH', 'D-III AKUNTANSI', 2019, 1932510153, 'belum'),
(438, 'SYAFITRI PUTRI DAMAYANTI', 'D-III AKUNTANSI', 2019, 1932510085, 'belum'),
(439, 'USWATUN HASANAH', 'D-III AKUNTANSI', 2019, 1932510019, 'belum'),
(440, 'VIANITASARI SETIYA PUTRI', 'D-III AKUNTANSI', 2019, 1932510073, 'belum'),
(441, 'VIRADA NUR NILAKANDI', 'D-III AKUNTANSI', 2019, 1932510086, 'belum'),
(442, 'WIDYA CAHYANI', 'D-III AKUNTANSI', 2019, 1932510076, 'belum'),
(443, 'YENIK LUMINTANG', 'D-III AKUNTANSI', 2019, 1932510092, 'belum'),
(444, 'YOLADITA DWI NOVENTY', 'D-III AKUNTANSI', 2019, 1932510079, 'belum'),
(445, 'ABDUL QODIR', 'D-IV AKUNTANSI MANAJEMEN', 2019, 1942520011, 'belum'),
(446, 'ADINDA RAHMAWATI RAMADHAN', 'D-IV AKUNTANSI MANAJEMEN', 2019, 1942520021, 'belum'),
(447, 'AIDA FITRIA BILQISTHI', 'D-IV AKUNTANSI MANAJEMEN', 2019, 1942520085, 'belum'),
(448, 'AISHAH RAMADHAN NUZUL ISMAKH', 'D-IV AKUNTANSI MANAJEMEN', 2019, 1942520082, 'belum'),
(449, 'AISYAH NUR AININA ZAELANI', 'D-IV AKUNTANSI MANAJEMEN', 2019, 1942520020, 'belum'),
(450, 'ANANDA AMALIA RIZKI', 'D-IV AKUNTANSI MANAJEMEN', 2019, 1942520007, 'belum'),
(451, 'ANGGUN HANDA MASYKUROH', 'D-IV AKUNTANSI MANAJEMEN', 2019, 1942520015, 'belum'),
(452, 'ASTIKA PUJIARTI', 'D-IV AKUNTANSI MANAJEMEN', 2019, 1942520002, 'belum'),
(453, 'CHABELITA APRICHILIA SUCCESYA ANGELITA HUTAGAOL', 'D-IV AKUNTANSI MANAJEMEN', 2019, 1942520081, 'belum'),
(454, 'DELLA ARDISCA YUNIAR', 'D-IV AKUNTANSI MANAJEMEN', 2019, 1942520080, 'belum'),
(455, 'DZAKIYAH CIPTANING NAZIHA', 'D-IV AKUNTANSI MANAJEMEN', 2019, 1942520005, 'belum'),
(456, 'EMERENSIANA EBTARIA ELSA ERLIANA', 'D-IV AKUNTANSI MANAJEMEN', 2019, 1942520014, 'belum'),
(457, 'EVALIA PUTRI AGUSTYA', 'D-IV AKUNTANSI MANAJEMEN', 2019, 1942520090, 'belum'),
(458, 'FARIDHATUL AZIZAH', 'D-IV AKUNTANSI MANAJEMEN', 2019, 1942520012, 'belum'),
(459, 'HILDA ASTRI DAMAYANTI', 'D-IV AKUNTANSI MANAJEMEN', 2019, 1942520008, 'belum'),
(460, 'ILMI FIRDATUL AFIDAH', 'D-IV AKUNTANSI MANAJEMEN', 2019, 1942520003, 'belum'),
(461, 'INDAH SUCI FATMA SARI', 'D-IV AKUNTANSI MANAJEMEN', 2019, 1942520025, 'belum'),
(462, 'LAILIA RIZQI RHOMADIANI', 'D-IV AKUNTANSI MANAJEMEN', 2019, 1942520016, 'belum'),
(463, 'LIA FARHAINI', 'D-IV AKUNTANSI MANAJEMEN', 2019, 1942520023, 'belum'),
(464, 'LILIK HANDIKA', 'D-IV AKUNTANSI MANAJEMEN', 2019, 1942520027, 'belum'),
(465, 'LINDA RAHMAWATI', 'D-IV AKUNTANSI MANAJEMEN', 2019, 1942520001, 'belum'),
(466, 'MA\'RIFATUS SHOLEHA', 'D-IV AKUNTANSI MANAJEMEN', 2019, 1942520078, 'belum'),
(467, 'MUHAMMAD ZAINUR ROZIKIN', 'D-IV AKUNTANSI MANAJEMEN', 2019, 1942520017, 'belum'),
(468, 'NADA SHELA HAPPY PERMATAHATI', 'D-IV AKUNTANSI MANAJEMEN', 2019, 1942520006, 'belum'),
(469, 'NANDALIA DIAH TIARANI', 'D-IV AKUNTANSI MANAJEMEN', 2019, 1942520031, 'belum'),
(470, 'NUR CHOLIFAH', 'D-IV AKUNTANSI MANAJEMEN', 2019, 1942520004, 'belum'),
(471, 'QURRATU AYUNIN', 'D-IV AKUNTANSI MANAJEMEN', 2019, 1942520018, 'belum'),
(472, 'QURROTA A`YUN', 'D-IV AKUNTANSI MANAJEMEN', 2019, 1942520013, 'belum'),
(473, 'RIZQY SRI MULYANI', 'D-IV AKUNTANSI MANAJEMEN', 2019, 1942520076, 'belum'),
(474, 'SA\'IDATUR ROSYIDAH', 'D-IV AKUNTANSI MANAJEMEN', 2019, 1942520088, 'belum'),
(475, 'SALSABIILA', 'D-IV AKUNTANSI MANAJEMEN', 2019, 1942520024, 'belum'),
(476, 'SITI NOVIA SARI', 'D-IV AKUNTANSI MANAJEMEN', 2019, 1942520163, 'belum'),
(477, 'TYAS AWIMBI', 'D-IV AKUNTANSI MANAJEMEN', 2019, 1942520083, 'belum'),
(478, 'VERIZA NORMA HARVANDA', 'D-IV AKUNTANSI MANAJEMEN', 2019, 1942520009, 'belum'),
(479, 'ADISTA PUSPITASARI', 'D-IV KEUANGAN', 2019, 1942530001, 'belum'),
(480, 'AMELIA DESTIANA PUTRI', 'D-IV KEUANGAN', 2019, 1942530042, 'belum'),
(481, 'ANJU ANDI NAIBAHO', 'D-IV KEUANGAN', 2019, 1942530079, 'belum'),
(482, 'BAGAS RAHMAD DWIKI', 'D-IV KEUANGAN', 2019, 1942530038, 'belum'),
(483, 'BRIGITA OMEGILIA SURYAWIJAYA', 'D-IV KEUANGAN', 2019, 1942530009, 'belum'),
(484, 'FADILLAH FAJAR PRATAMA', 'D-IV KEUANGAN', 2019, 1942530003, 'belum'),
(485, 'FIRLY ZHANNELA MAHFUZA', 'D-IV KEUANGAN', 2019, 1942530047, 'belum'),
(486, 'HILDA DAMAYANTI HARIYANTO', 'D-IV KEUANGAN', 2019, 1942530008, 'belum'),
(487, 'IRRINE FRISKA PANGANTI', 'D-IV KEUANGAN', 2019, 1942530010, 'belum'),
(488, 'LAURA WINDANA', 'D-IV KEUANGAN', 2019, 1942530046, 'belum'),
(489, 'MIA R. HALOHO', 'D-IV KEUANGAN', 2019, 1942530048, 'belum'),
(490, 'MOCHAMMAD ZUBAIR ARYACHI', 'D-IV KEUANGAN', 2019, 1942530049, 'belum'),
(491, 'NOLDI', 'D-IV KEUANGAN', 2019, 1942530004, 'belum'),
(492, 'NUR FITRI ANGGITANIA DEWI', 'D-IV KEUANGAN', 2019, 1942530039, 'belum'),
(493, 'NURHIDAYATI EKA SUCI', 'D-IV KEUANGAN', 2019, 1942530006, 'belum'),
(494, 'RAHAYUNINGTYAS', 'D-IV KEUANGAN', 2019, 1942530040, 'belum'),
(495, 'RIZZAL FIERDHIANSYACH PRATAMA', 'D-IV KEUANGAN', 2019, 1942530002, 'belum'),
(496, 'SHANDY NUR FITRIANI', 'D-IV KEUANGAN', 2019, 1942530007, 'belum'),
(497, 'SULASTRI NINGSIH', 'D-IV KEUANGAN', 2019, 1942530041, 'belum'),
(498, 'VIA FEBRIATI', 'D-IV KEUANGAN', 2019, 1942530045, 'belum'),
(499, 'YENI AGUSTIN NOVITASARI', 'D-IV KEUANGAN', 2019, 1942530043, 'belum'),
(500, 'ADELA PUSPITA', 'D-III ADMINISTRASI BISNIS', 2019, 1932610102, 'belum'),
(501, 'AGNES VERONIKA NAIBAHO', 'D-III ADMINISTRASI BISNIS', 2019, 1932610014, 'belum'),
(502, 'AHMAD RAISUL ASNAN', 'D-III ADMINISTRASI BISNIS', 2019, 1932610069, 'belum'),
(503, 'ALFIAN ARYA RIZKY PRATAMA', 'D-III ADMINISTRASI BISNIS', 2019, 1932610095, 'belum'),
(504, 'ALIVIA RAMADHANI', 'D-III ADMINISTRASI BISNIS', 2019, 1932610079, 'belum'),
(505, 'ANGGI AHMAD FARESI', 'D-III ADMINISTRASI BISNIS', 2019, 1932610021, 'belum'),
(506, 'ANGGITA PANGESTU', 'D-III ADMINISTRASI BISNIS', 2019, 1932610013, 'belum'),
(507, 'ANISHA DESCHA DAMAYANTI', 'D-III ADMINISTRASI BISNIS', 2019, 1932610106, 'belum'),
(508, 'ASRI DWI SAPUTRI', 'D-III ADMINISTRASI BISNIS', 2019, 1932610086, 'belum'),
(509, 'AYU RAHMAWATI YUSRIYYAH', 'D-III ADMINISTRASI BISNIS', 2019, 1932610085, 'belum'),
(510, 'BUNGA PUTRI SURI PRATIWI', 'D-III ADMINISTRASI BISNIS', 2019, 1932610002, 'belum'),
(511, 'CHI CHI WINDI DWI AGUSTIN', 'D-III ADMINISTRASI BISNIS', 2019, 1932610092, 'belum'),
(512, 'CICI KHAIRUNNISA', 'D-III ADMINISTRASI BISNIS', 2019, 1932610001, 'belum'),
(513, 'DESI TIARA PUTRI', 'D-III ADMINISTRASI BISNIS', 2019, 1932610075, 'belum'),
(514, 'DEWI MASLUKHA', 'D-III ADMINISTRASI BISNIS', 2019, 1932610023, 'belum'),
(515, 'DINDA ANGGUN DWIYANI', 'D-III ADMINISTRASI BISNIS', 2019, 1932610074, 'belum'),
(516, 'ELSA LAILATUL KHARISMANINGTYAS', 'D-III ADMINISTRASI BISNIS', 2019, 1932610088, 'belum'),
(517, 'FADHILA MUAFIFA ROKHMAH', 'D-III ADMINISTRASI BISNIS', 2019, 1932610077, 'belum'),
(518, 'FITHROTUN NISA\'', 'D-III ADMINISTRASI BISNIS', 2019, 1932610184, 'belum'),
(519, 'GILANG NUR JANAH', 'D-III ADMINISTRASI BISNIS', 2019, 1932610017, 'belum'),
(520, 'HANIN IMTIYAZ AMIROH HUDA', 'D-III ADMINISTRASI BISNIS', 2019, 1932610005, 'belum'),
(521, 'HANUM DWI PUTRI SEPTIANI', 'D-III ADMINISTRASI BISNIS', 2019, 1932610022, 'belum'),
(522, 'HAYATUR RAHMAN', 'D-III ADMINISTRASI BISNIS', 2019, 1932610100, 'belum'),
(523, 'KARUNIA SAHIDA PUTRI', 'D-III ADMINISTRASI BISNIS', 2019, 1932610089, 'belum'),
(524, 'KHUSNUL DWI NUR FADILLA', 'D-III ADMINISTRASI BISNIS', 2019, 1932610090, 'belum'),
(525, 'KIRANA TIARA PRASASTI', 'D-III ADMINISTRASI BISNIS', 2019, 1932610076, 'belum'),
(526, 'KURNIA DWI RAHAJENG', 'D-III ADMINISTRASI BISNIS', 2019, 1932610011, 'belum'),
(527, 'LISA AYU SAHARANI', 'D-III ADMINISTRASI BISNIS', 2019, 1932610004, 'belum'),
(528, 'MEIRANI WAHYUNIARUM', 'D-III ADMINISTRASI BISNIS', 2019, 1932610018, 'belum'),
(529, 'MOH. ZAINAL ALIM', 'D-III ADMINISTRASI BISNIS', 2019, 1932610097, 'belum'),
(530, 'MUHAMMAD YUSUF', 'D-III ADMINISTRASI BISNIS', 2019, 1932610019, 'belum'),
(531, 'NADIA ISTINARIA', 'D-III ADMINISTRASI BISNIS', 2019, 1932610078, 'belum'),
(532, 'OKTAVIA ULFA MAYSAROH', 'D-III ADMINISTRASI BISNIS', 2019, 1932610020, 'belum'),
(533, 'PANGESTU DWI NOVIASARI', 'D-III ADMINISTRASI BISNIS', 2019, 1932610098, 'belum'),
(534, 'PATRIZIA SYAFITRI', 'D-III ADMINISTRASI BISNIS', 2019, 1932610080, 'belum'),
(535, 'PINDRA AL QAUSAR', 'D-III ADMINISTRASI BISNIS', 2019, 1932610101, 'belum'),
(536, 'PUJI DIAN SARI', 'D-III ADMINISTRASI BISNIS', 2019, 1932610072, 'belum'),
(537, 'PUJI PANGLIPUR WATI', 'D-III ADMINISTRASI BISNIS', 2019, 1932610016, 'belum'),
(538, 'PUTRI WULANDARI', 'D-III ADMINISTRASI BISNIS', 2019, 1932610012, 'belum'),
(539, 'RAHMADITHA CANAVARISSA', 'D-III ADMINISTRASI BISNIS', 2019, 1932610093, 'belum'),
(540, 'RENDI YULIANTO', 'D-III ADMINISTRASI BISNIS', 2019, 1932610010, 'belum'),
(541, 'RIA SEPTIANI', 'D-III ADMINISTRASI BISNIS', 2019, 1932610081, 'belum'),
(542, 'SALSABILA ROUDLOTUL FIRDAUS', 'D-III ADMINISTRASI BISNIS', 2019, 1932610006, 'belum'),
(543, 'SHABRINA MEYLANI GUNAWAN', 'D-III ADMINISTRASI BISNIS', 2019, 1932610003, 'belum'),
(544, 'SONYA ANGGITA PUTRI', 'D-III ADMINISTRASI BISNIS', 2019, 1932610143, 'belum'),
(545, 'SUSILOWATI', 'D-III ADMINISTRASI BISNIS', 2019, 1932610084, 'belum'),
(546, 'TAMIMATIDDIN MIFANIA', 'D-III ADMINISTRASI BISNIS', 2019, 1932610007, 'belum'),
(547, 'TIARA DELLA SAFITRI', 'D-III ADMINISTRASI BISNIS', 2019, 1932610091, 'belum'),
(548, 'TIARA FEBY DAMAYANTI', 'D-III ADMINISTRASI BISNIS', 2019, 1932610099, 'belum'),
(549, 'TRI WAHYUNI PUSPITASARI', 'D-III ADMINISTRASI BISNIS', 2019, 1932610015, 'belum'),
(550, 'VIRANTIKA DHARMA MUFIAN', 'D-III ADMINISTRASI BISNIS', 2019, 1932610082, 'belum'),
(551, 'WILHELMINA AMALCHIARNYS GRACE', 'D-III ADMINISTRASI BISNIS', 2019, 1932610087, 'belum'),
(552, 'YAYUK ISTI RAHAYU', 'D-III ADMINISTRASI BISNIS', 2019, 1932610009, 'belum'),
(553, 'YENI UJI PANGESTU', 'D-III ADMINISTRASI BISNIS', 2019, 1932610094, 'belum'),
(554, 'YUANITA SUKMA MAHEGA', 'D-III ADMINISTRASI BISNIS', 2019, 1932610008, 'belum'),
(555, 'AISYATUZ ZAHRO', 'D-III BAHASA INGGRIS', 2019, 1932810040, 'belum'),
(556, 'ALVIONA QIYARAH SUWANDI', 'D-III BAHASA INGGRIS', 2019, 1932810008, 'belum'),
(557, 'AMELIA SANIA PUTRI', 'D-III BAHASA INGGRIS', 2019, 1932810038, 'belum'),
(558, 'DAVARA ARDATYA DARLIANTO', 'D-III BAHASA INGGRIS', 2019, 1932810039, 'belum'),
(559, 'DELA ROMADHONA', 'D-III BAHASA INGGRIS', 2019, 1932810003, 'belum'),
(560, 'ELLYA FUAD ELSYAHBANI', 'D-III BAHASA INGGRIS', 2019, 1932810004, 'belum'),
(561, 'IKA ALFA ANNABILA', 'D-III BAHASA INGGRIS', 2019, 1932810005, 'belum'),
(562, 'INDAH RAMADHANI', 'D-III BAHASA INGGRIS', 2019, 1932810007, 'belum'),
(563, 'MUHAMMAD ALFAN FAHRUDDIN ANSHORI', 'D-III BAHASA INGGRIS', 2019, 1932810041, 'belum'),
(564, 'NURUL ANISA PUTRI RACHMAN', 'D-III BAHASA INGGRIS', 2019, 1932810036, 'belum'),
(565, 'RIRIN APRILIA', 'D-III BAHASA INGGRIS', 2019, 1932810006, 'belum'),
(566, 'SATRIO JATI PAMBUDI', 'D-III BAHASA INGGRIS', 2019, 1932810002, 'belum'),
(567, 'TSABITAH AMIRAH AZHAAR', 'D-III BAHASA INGGRIS', 2019, 1932810037, 'belum'),
(568, 'ABDILAH IKLASUL AMAL', 'D-IV MANAJEMEN PEMASARAN', 2019, 1942620008, 'belum'),
(569, 'ADETIA CHORISOLEKAH', 'D-IV MANAJEMEN PEMASARAN', 2019, 1942620010, 'belum'),
(570, 'AJENG PUTRI HAPSARI', 'D-IV MANAJEMEN PEMASARAN', 2019, 1942620124, 'belum'),
(571, 'ALISYA TIFANY BUDIONO', 'D-IV MANAJEMEN PEMASARAN', 2019, 1942620093, 'belum'),
(572, 'AVIVA RESINDA PUTRI', 'D-IV MANAJEMEN PEMASARAN', 2019, 1942620097, 'belum'),
(573, 'AYLA NADRATUL WIDAD', 'D-IV MANAJEMEN PEMASARAN', 2019, 1942620004, 'belum'),
(574, 'CHARISMA PUTRI PERTIWI', 'D-IV MANAJEMEN PEMASARAN', 2019, 1942620095, 'belum'),
(575, 'DAHLIA ADIES SAKINAH', 'D-IV MANAJEMEN PEMASARAN', 2019, 1942620015, 'belum'),
(576, 'DALAYA RASULY', 'D-IV MANAJEMEN PEMASARAN', 2019, 1942620087, 'belum'),
(577, 'GALANG BUANA MASRUN', 'D-IV MANAJEMEN PEMASARAN', 2019, 1942620009, 'belum'),
(578, 'KALIMASTURROHMAH', 'D-IV MANAJEMEN PEMASARAN', 2019, 1942620072, 'belum'),
(579, 'KUS INDAH ROHITS OKTAVIA', 'D-IV MANAJEMEN PEMASARAN', 2019, 1942620006, 'belum'),
(580, 'LAILIYA RAHMANATASYA', 'D-IV MANAJEMEN PEMASARAN', 2019, 1942620011, 'belum'),
(581, 'LINTANG PUTRI SYAFIRA', 'D-IV MANAJEMEN PEMASARAN', 2019, 1942620070, 'belum'),
(582, 'MAKKIYAH', 'D-IV MANAJEMEN PEMASARAN', 2019, 1942620074, 'belum'),
(583, 'MELATI LAILATUL ANGGRAINI', 'D-IV MANAJEMEN PEMASARAN', 2019, 1942620089, 'belum'),
(584, 'MOHAMAD ALGIFARI ZIDANE', 'D-IV MANAJEMEN PEMASARAN', 2019, 1942620002, 'belum'),
(585, 'MUHAMMAD NAUFAL AL AKBAR', 'D-IV MANAJEMEN PEMASARAN', 2019, 1942620090, 'belum'),
(586, 'NIKEN INTAN TAMARA', 'D-IV MANAJEMEN PEMASARAN', 2019, 1942620073, 'belum'),
(587, 'NUR HIEDA PUTRI ANANDA', 'D-IV MANAJEMEN PEMASARAN', 2019, 1942620003, 'belum'),
(588, 'PRADITA MARIANA DESANTY', 'D-IV MANAJEMEN PEMASARAN', 2019, 1942620018, 'belum'),
(589, 'PUJI ASTUTIK', 'D-IV MANAJEMEN PEMASARAN', 2019, 1942620014, 'belum'),
(590, 'RIDHA FIRDAUS', 'D-IV MANAJEMEN PEMASARAN', 2019, 1942620088, 'belum'),
(591, 'RIMEIZA IZDIHAR', 'D-IV MANAJEMEN PEMASARAN', 2019, 1942620104, 'belum'),
(592, 'RIZKI IRA SINDI', 'D-IV MANAJEMEN PEMASARAN', 2019, 1942620005, 'belum'),
(593, 'ROHMATUL KHASANAH', 'D-IV MANAJEMEN PEMASARAN', 2019, 1942620084, 'belum'),
(594, 'SELIN ANGGI CAHYANI', 'D-IV MANAJEMEN PEMASARAN', 2019, 1942620001, 'belum'),
(595, 'SHINDI AINUR RIZA', 'D-IV MANAJEMEN PEMASARAN', 2019, 1942620013, 'belum'),
(596, 'SRI UTAMI', 'D-IV MANAJEMEN PEMASARAN', 2019, 1942620016, 'belum'),
(597, 'SYAFIRA AISYA NURINDA', 'D-IV MANAJEMEN PEMASARAN', 2019, 1942620075, 'belum'),
(598, 'TITA MERYNDA TRIHARDIANTI', 'D-IV MANAJEMEN PEMASARAN', 2019, 1942620091, 'belum'),
(599, 'ULFARIDA', 'D-IV MANAJEMEN PEMASARAN', 2019, 1942620007, 'belum'),
(600, 'WAHYU RAHMAWATI', 'D-IV MANAJEMEN PEMASARAN', 2019, 1942620086, 'belum'),
(601, 'YUYUN NUR SAFITRI', 'D-IV MANAJEMEN PEMASARAN', 2019, 1942620085, 'belum'),
(602, 'ZEVANYA ANGELIE WIJAYA', 'D-IV MANAJEMEN PEMASARAN', 2019, 1942620096, 'belum'),
(603, 'ABDUL HAMID SATRIO PINASTHIKO', 'D-IV BAHASA INGGRIS', 2019, 1942820012, 'belum'),
(604, 'ANJUNA AMELYA', 'D-IV BAHASA INGGRIS', 2019, 1942820003, 'belum'),
(605, 'ELISA RIFANI', 'D-IV BAHASA INGGRIS', 2019, 1942820005, 'belum'),
(606, 'INDRA ANASTARI', 'D-IV BAHASA INGGRIS', 2019, 1942820008, 'belum'),
(607, 'KYLA DZAHABIYYAH FASETIA', 'D-IV BAHASA INGGRIS', 2019, 1942820001, 'belum'),
(608, 'MOHAMAD NOOR ANDRYAN', 'D-IV BAHASA INGGRIS', 2019, 1942820007, 'belum'),
(609, 'NILA APRILIA MUSTIKA VERNANDA', 'D-IV BAHASA INGGRIS', 2019, 1942820009, 'belum'),
(610, 'TSANIYATUL MUFIDAH KHOIRUNISA\'', 'D-IV BAHASA INGGRIS', 2019, 1942820006, 'belum');

--
-- Indexes for dumped tables
--

--
-- Indeks untuk tabel `login_detail`
--
ALTER TABLE `login_detail`
  ADD PRIMARY KEY (`id_detail`);

--
-- Indeks untuk tabel `tbl_admin`
--
ALTER TABLE `tbl_admin`
  ADD PRIMARY KEY (`id_admin`);

--
-- Indeks untuk tabel `tbl_calon`
--
ALTER TABLE `tbl_calon`
  ADD PRIMARY KEY (`id_calon`);

--
-- Indeks untuk tabel `tbl_harapan`
--
ALTER TABLE `tbl_harapan`
  ADD PRIMARY KEY (`id_harapan`),
  ADD KEY `id_calon` (`id_calon`),
  ADD KEY `id_user` (`id_user`);

--
-- Indeks untuk tabel `tbl_penampung`
--
ALTER TABLE `tbl_penampung`
  ADD PRIMARY KEY (`id_penampung`),
  ADD KEY `id_user` (`id_user`),
  ADD KEY `id_calon` (`id_calon`);

--
-- Indeks untuk tabel `tbl_tata`
--
ALTER TABLE `tbl_tata`
  ADD PRIMARY KEY (`id_tata`);

--
-- Indeks untuk tabel `tbl_user`
--
ALTER TABLE `tbl_user`
  ADD PRIMARY KEY (`id_user`);

--
-- AUTO_INCREMENT untuk tabel yang dibuang
--

--
-- AUTO_INCREMENT untuk tabel `login_detail`
--
ALTER TABLE `login_detail`
  MODIFY `id_detail` int(11) NOT NULL AUTO_INCREMENT;

--
-- AUTO_INCREMENT untuk tabel `tbl_admin`
--
ALTER TABLE `tbl_admin`
  MODIFY `id_admin` int(11) NOT NULL AUTO_INCREMENT, AUTO_INCREMENT=6;

--
-- AUTO_INCREMENT untuk tabel `tbl_calon`
--
ALTER TABLE `tbl_calon`
  MODIFY `id_calon` int(11) NOT NULL AUTO_INCREMENT, AUTO_INCREMENT=23;

--
-- AUTO_INCREMENT untuk tabel `tbl_harapan`
--
ALTER TABLE `tbl_harapan`
  MODIFY `id_harapan` int(11) NOT NULL AUTO_INCREMENT, AUTO_INCREMENT=8;

--
-- AUTO_INCREMENT untuk tabel `tbl_penampung`
--
ALTER TABLE `tbl_penampung`
  MODIFY `id_penampung` int(11) NOT NULL AUTO_INCREMENT, AUTO_INCREMENT=8;

--
-- AUTO_INCREMENT untuk tabel `tbl_tata`
--
ALTER TABLE `tbl_tata`
  MODIFY `id_tata` int(11) NOT NULL AUTO_INCREMENT;

--
-- AUTO_INCREMENT untuk tabel `tbl_user`
--
ALTER TABLE `tbl_user`
  MODIFY `id_user` int(11) NOT NULL AUTO_INCREMENT, AUTO_INCREMENT=611;

--
-- Ketidakleluasaan untuk tabel pelimpahan (Dumped Tables)
--

--
-- Ketidakleluasaan untuk tabel `tbl_harapan`
--
ALTER TABLE `tbl_harapan`
  ADD CONSTRAINT `tbl_harapan_ibfk_1` FOREIGN KEY (`id_calon`) REFERENCES `tbl_calon` (`id_calon`);

--
-- Ketidakleluasaan untuk tabel `tbl_penampung`
--
ALTER TABLE `tbl_penampung`
  ADD CONSTRAINT `tbl_penampung_ibfk_2` FOREIGN KEY (`id_calon`) REFERENCES `tbl_calon` (`id_calon`);
COMMIT;

/*!40101 SET CHARACTER_SET_CLIENT=@OLD_CHARACTER_SET_CLIENT */;
/*!40101 SET CHARACTER_SET_RESULTS=@OLD_CHARACTER_SET_RESULTS */;
/*!40101 SET COLLATION_CONNECTION=@OLD_COLLATION_CONNECTION */;
